{
  "name": "investigation-board",
  "title": "Investigation Board",
  "description": "A Foundry VTT module that lets everyone create, edit, and move sticky and photo notes on the scene as collaborative investigation tools.",
  "version": "1.1.1",
  "authors": [
    {
      "name": "Gus",
      "url": "",
      "email": ""
    }
  ],
  "compatibility": {
    "minimum": "12",
    "verified": "12"
  },
  "esmodules": [
    "scripts/settings.js",
    "scripts/investigation-board.js"
  ],
  "styles": [
    "styles/style.css"
  ],
  "packs": [],
  "templates": [
    "templates/drawing-sheet.html"
  ],
  "url": "https://github.com/mordachai/investigation-board",
  "manifest": "https://github.com/mordachai/investigation-board/raw/main/module.json",
  "download": "https://github.com/mordachai/investigation-board/raw/main/investigation-board.zip"
}
